{\rtf1\ansi\ansicpg1251\cocoartf2580
\cocoatextscaling0\cocoaplatform0{\fonttbl\f0\fmodern\fcharset0 Courier;\f1\fnil\fcharset0 Menlo-Regular;}
{\colortbl;\red255\green255\blue255;\red60\green60\blue60;}
{\*\expandedcolortbl;;\cssrgb\c30196\c30196\c30196;}
\paperw11900\paperh16840\margl1440\margr1440\vieww10800\viewh8400\viewkind0
\deftab720
\pard\pardeftab720\partightenfactor0

\f0\fs28 \cf2 \expnd0\expndtw0\kerning0
\outl0\strokewidth0 \strokec2 \{\'a0\
\'a0"age":\'a020,\'a0\
\'a0"phone":\'a0"+73539215818",\'a0\
\'a0"name":\'a0"Anna",\'a0\
\'a0"city":\'a0"Vienna"\'a0\
\}\
\{\'a0\
\'a0"age":\'a020,\'a0\
\'a0"phone":\'a0"+73539215818",\'a0\
\'a0"name":\'a0"Anna",\'a0\
\'a0"city":\'a0\'abMoscow
\f1 \'bb
\f0 \
\}}